x,y,z,uuid,type,alive,display_name,custom_name
-33.5,95.0,-24.5,cb45d2e5-ee7d-467e-8c31-9f5b0e4f77cf,minecraft:end_crystal,true,End Crystal,[null]
-41.5,89.0,-0.5,f45b16cb-393b-481f-8195-477b767daea6,minecraft:end_crystal,true,End Crystal,[null]
-33.5,80.0,24.5,3b1d15e7-9a51-4e8d-8cae-ea8e8ad6eb53,minecraft:end_crystal,true,End Crystal,[null]
-12.5,101.0,-39.5,9097ab7a-2393-4ab1-ae64-0840d82a55bf,minecraft:end_crystal,true,End Crystal,[null]
-12.5,104.0,39.5,7e56026e-924e-4c74-aac3-d8d59d18b1ee,minecraft:end_crystal,true,End Crystal,[null]
12.5,77.0,-39.5,196f24aa-5dbc-4ad3-bf6c-b3eff39865be,minecraft:end_crystal,true,End Crystal,[null]
12.5,98.0,39.5,5f2e4d37-4b8c-479c-8fa7-6472d2622b00,minecraft:end_crystal,true,End Crystal,[null]
33.5,86.0,-24.5,85d1cce0-8927-4c0b-9d79-b69ed9d63a68,minecraft:end_crystal,true,End Crystal,[null]
42.5,83.0,0.5,27a210b8-64e4-454c-861b-4966ff800d4d,minecraft:end_crystal,true,End Crystal,[null]
33.5,92.0,24.5,634344d2-6acd-49c4-b5e3-b4ff423801e6,minecraft:end_crystal,true,End Crystal,[null]
