x,y,z,uuid,type,alive,display_name,custom_name
-0.5,126.97999999999999,-0.5,35000752-10a9-4692-b293-350719933122,minecraft:armor_stand,true,Creeper Spawner,Creeper Spawner
-0.5,125.97999999999999,-0.5,f736196f-9f19-4096-8991-1aed94d2bd71,minecraft:armor_stand,true,Creeper Spawner 26x,Creeper Spawner 26x
-5.5,129.98000000000002,1.5,5e262257-b79a-48e6-8e39-c8a54f89309c,minecraft:armor_stand,true,Creeper Spawner,Creeper Spawner
-251.69370728394165,897.9516545712025,-256.8557215806565,d1a6dcdf-96a1-4db6-a630-37a6ccb969b5,minecraft:small_fireball,true,Small Fireball,[null]
-256.4275591454511,1693.6910176073134,-251.4622981834557,076ff84c-72eb-4c8e-93ca-05801762b92e,minecraft:small_fireball,true,Small Fireball,[null]
-256.52381818936203,1268.4107569657328,-213.8160429011527,9f53bfee-1d1e-40db-95a0-4b721070836f,minecraft:small_fireball,true,Small Fireball,[null]
-256.5962226563756,1181.2616963188777,-121.51973238222661,0e8d6e16-eb28-42e9-89c1-9b40c34ca4cd,minecraft:small_fireball,true,Small Fireball,[null]
-256.5355494962285,1190.678565360546,-100.48686687699913,00e04a53-8a68-41c3-91bd-328618aa4fb2,minecraft:small_fireball,true,Small Fireball,[null]
-256.131782420751,897.9942175681716,-83.34710468618118,71066757-d427-4ada-8f9f-540b6370c496,minecraft:small_fireball,true,Small Fireball,[null]
-256.15141825825947,1679.4345133086958,14.049027141100602,1bcfda09-f94b-4a33-8ca4-da96e7322394,minecraft:small_fireball,true,Small Fireball,[null]
-223.05374478497288,912.9432509782116,-256.3661611000541,aad0180b-9677-4f20-9005-e1aab469f033,minecraft:small_fireball,true,Small Fireball,[null]
-217.89856773887965,1184.159473275649,-256.16200856396955,21457688-913c-4be3-addc-fdeea30c7fd1,minecraft:small_fireball,true,Small Fireball,[null]
-184.3560655556014,138.09618375733316,-256.69842231289755,a1de3bbe-69e7-4fe1-a64d-02f4f0e068c6,minecraft:small_fireball,true,Small Fireball,[null]
-114.17315650491099,747.062851924695,-256.0088312449637,e71aef76-3167-4e00-a0c0-badbed38b80c,minecraft:small_fireball,true,Small Fireball,[null]
-73.50861482866561,806.5412508928283,-256.4454556280005,18d0c45e-fc7a-4854-a23a-b2ff9b253a7f,minecraft:small_fireball,true,Small Fireball,[null]
0.5,125.97999999999999,225.5,019bd25c-a309-4c92-afb0-882fa6c93796,minecraft:armor_stand,true,Creeper Spawner,Creeper Spawner
-6.11419451463148,117.0,225.77958067605292,487b7a6f-a456-45cf-a1d2-8409b040edc6,minecraft:player,true,Ablates,❤❤❤❤❤❤❤❤❤❤ 
115.1326986893975,-2.223638694082899,400.6518996939806,72f71a86-8e75-417a-a769-254be2867a58,minecraft:fireball,true,Fireball,[null]
-4.963870092305092,-47.30302409680979,420.76023028374806,d4cb6c33-a6d8-473e-845c-5369d55ceb7d,minecraft:small_fireball,true,Small Fireball,[null]
-6.1376560972713206,26.929571139632305,424.38871105586315,8184af88-14e9-403e-be28-955a3897b918,minecraft:small_fireball,true,Small Fireball,[null]
1.036455823019323,117.0,224.64169978585016,df88c7fb-01b3-4191-9010-66ba0fa91bcc,minecraft:creeper,true,§;§:6x Creeper,§;§:6x Creeper
