x,y,z,uuid,type,alive,display_name,custom_name
-33.5,101.0,-24.5,709d39d4-caef-4567-9757-38cebb90ecfe,minecraft:end_crystal,true,End Crystal,[null]
-41.5,77.0,-0.5,e5a03501-1145-46f4-ba2a-c9d4c2a57145,minecraft:end_crystal,true,End Crystal,[null]
-33.5,104.0,24.5,2b6cbefc-b707-45c9-9fa0-27648c6420c4,minecraft:end_crystal,true,End Crystal,[null]
-12.5,80.0,-39.5,7871a11e-28b5-44bf-98a1-421aff21d1c5,minecraft:end_crystal,true,End Crystal,[null]
-12.5,83.0,39.5,c2c99ba6-2d0e-47e7-9d83-a1a2815972ce,minecraft:end_crystal,true,End Crystal,[null]
12.5,92.0,-39.5,091fec6e-aa32-40dc-a1ea-be091cd134c8,minecraft:end_crystal,true,End Crystal,[null]
12.5,98.0,39.5,62e1e2b0-806d-46fc-9e13-453c37abc5d7,minecraft:end_crystal,true,End Crystal,[null]
33.5,89.0,-24.5,ec84c36c-e5c0-4f7a-b136-356319a63723,minecraft:end_crystal,true,End Crystal,[null]
42.5,95.0,0.5,fa054c42-e945-4113-a75e-73caa5ff7a91,minecraft:end_crystal,true,End Crystal,[null]
33.5,86.0,24.5,4aff169e-2827-464e-920d-bc37c47a1db8,minecraft:end_crystal,true,End Crystal,[null]
