x,y,z,uuid,type,alive,display_name,custom_name
-5.2988822385847145,113.8125,-2.494193939262162,9fd47212-e478-48a7-bba5-5e950ee6373b,minecraft:blaze,true,Blaze,[null]
-5.462305690808298,112.0,1.7120814783253784,ba2d83ac-2750-4c8b-ab1e-a7c2c16ff8cb,minecraft:blaze,true,Blaze,[null]
2.2112238920479648,120.0,-1.1616967846568091,8f1a5325-1c56-458c-8405-b64e82990986,minecraft:zombie_pigman,true,Zombie Pigman,[null]
1.121269614819246,125.0,-0.13523049448254193,f7edc49a-4437-4d9c-8352-e84935e80b93,minecraft:enderman,true,Enderman,[null]
3.5376943091917026,115.0,-0.28791852167462206,034ff94c-19ea-4edb-9213-27b818788a09,minecraft:zombie_pigman,true,Zombie Pigman,[null]
4.497650926818927,119.0,-0.1045932835317403,f3ab55e5-a6d0-432d-8478-2bca4ac3cf0d,minecraft:skeleton,true,Skeleton,[null]
6.498868814701434,140.0,-0.3856637210609346,a68aa037-c909-41c4-aa43-b3d41801c0bd,minecraft:zombie_pigman,true,Zombie Pigman,[null]
6.5,140.0,0.5,9354b200-a52a-4ea6-a627-97133c364c6d,minecraft:skeleton,true,Skeleton,[null]
8.173612610150407,140.0,0.23585581910932032,8a674fd7-0bac-498c-a2d1-83fea39111ef,minecraft:zombie_pigman,true,Zombie Pigman,[null]
